locus	group
1	sim1	group_1
2	sim2	group_1
3	sim3	group_1
4	sim4	group_1
5	sim5	group_1
6	sim6	group_1
7	sim7	group_2
8	sim8	group_2
9	sim9	group_2
10	sim10	group_2
11	sim11	group_2
12	sim12	group_2
13	sim14	group_2
14	sim15	group_2
15	sim16	group_3
16	sim17	group_3
17	sim18	group_3
18	sim20	group_3
19	sim21	group_3
20	sim22	group_3
21	sim23	group_3
22	sim24	group_3
23	sim25	group_3
24	sim26	group_3
25	sim28	group_4
26	sim29	group_4
27	sim30	group_4
28	sim31	group_4
29	sim32	group_4
30	sim33	group_4
31	sim34	group_5
32	sim35	group_5
33	sim36	group_5
34	sim37	group_5
35	sim38	group_5
36	sim39	group_5
37	sim40	group_5
38	sim42	group_6
39	sim43	group_6
40	sim45	group_6
41	sim46	group_7
42	sim47	group_7
43	sim49	group_7
44	sim50	group_7
45	sim51	group_7
46	sim52	group_8
47	sim53	group_8
48	sim54	group_8
49	sim55	group_8
50	sim56	group_9
51	sim57	group_9
52	sim58	group_9
53	sim59	group_9
54	sim60	group_10
55	sim61	group_10
56	sim62	group_10
57	sim63	group_10
58	sim64	group_10
59	sim65	group_10
60	sim66	group_11
61	sim67	group_11
62	sim68	group_11
63	sim70	group_11
64	sim71	group_11
65	sim72	group_11
66	sim73	group_11
67	sim74	group_12
68	sim75	group_12
69	sim76	group_12
70	sim77	group_12
71	sim78	group_12
72	sim79	group_12
73	sim80	group_13
74	sim81	group_13
75	sim82	group_13
76	sim83	group_13
77	sim84	group_13
78	sim85	group_13
79	sim88	group_13
80	sim89	group_13
81	sim90	group_13
82	sim91	group_13
83	sim92	group_14
84	sim93	group_14
85	sim94	group_14
86	sim95	group_14
87	sim96	group_14
88	sim97	group_14
89	sim98	group_14
90	sim99	group_14
91	sim100	group_14
92	sim101	group_15
93	sim104	group_15
94	sim105	group_15
95	sim106	group_15
96	sim107	group_15
97	sim110	group_15
98	sim112	group_15
99	sim114	group_16
100	sim116	group_17
101	sim117	group_17
102	sim118	group_18
103	sim119	group_18
104	sim120	group_18
105	sim121	group_18
106	sim122	group_19
107	sim123	group_19
108	sim124	group_19
109	sim125	group_19
110	sim126	group_19
111	sim128	group_19
112	sim129	group_19
113	sim132	group_20
114	sim134	group_20
115	sim135	group_20
116	sim136	group_20
117	sim138	group_20
118	sim140	group_20
119	sim141	group_20
120	sim143	group_20
121	sim144	group_20
122	sim145	group_20
123	sim146	group_21
124	sim150	group_22
125	sim151	group_22
126	sim152	group_22
127	sim155	group_22
128	sim158	group_22
129	sim159	group_22
130	sim160	group_22
131	sim163	group_22
132	sim164	group_23
133	sim165	group_23
134	sim169	group_23
135	sim170	group_23
136	sim172	group_23
137	sim173	group_23
138	sim174	group_23
139	sim177	group_23
140	sim178	group_23
141	sim179	group_24
142	sim186	group_24
143	sim188	group_24
144	sim189	group_25
145	sim192	group_25
146	sim195	group_25
147	sim202	group_25
148	sim205	group_25
149	sim217	group_25
150	sim218	group_25
151	sim219	group_25
152	sim224	group_26
153	sim227	group_26
154	sim228	group_26
155	sim230	group_26
156	sim234	group_26
157	sim239	group_26
158	sim241	group_26
159	sim246	group_26
160	sim251	group_26
161	sim252	group_26
162	sim260	group_27
163	sim262	group_27
164	sim264	group_27
165	sim267	group_27
166	sim274	group_28
167	sim278	group_29
168	sim281	group_29
169	sim284	group_29
170	sim291	group_29
171	sim293	group_29
172	sim299	group_30
173	sim303	group_30
174	sim306	group_30
175	sim307	group_30
176	sim314	group_30
177	sim315	group_30
178	sim317	group_30
179	sim322	group_31
180	sim326	group_31
181	sim333	group_31
182	sim334	group_31
183	sim338	group_31
184	sim339	group_31
185	sim343	group_31
186	sim345	group_31
187	sim346	group_31
188	sim353	group_31
189	sim354	group_32
190	sim357	group_32
191	sim361	group_32
192	sim365	group_32
193	sim366	group_32
194	sim368	group_33
195	sim378	group_33
196	sim387	group_33
197	sim388	group_33
198	sim393	group_34
199	sim396	group_34
200	sim399	group_34
201	sim400	group_34
202	sim401	group_34
203	sim406	group_34
204	sim407	group_34
205	sim423	group_35
206	sim429	group_35
207	sim440	group_35
208	sim441	group_35
209	sim446	group_35
210	sim448	group_35
211	sim457	group_35
212	sim460	group_35
213	sim467	group_35
214	sim480	group_36
215	sim482	group_36
216	sim484	group_36
217	sim488	group_36
218	sim511	group_36
219	sim547	group_36
220	sim555	group_36
221	sim580	group_36
222	sim644	group_37
223	sim669	group_37
224	sim688	group_37
225	sim692	group_37
226	sim700	group_37
227	sim719	group_37
228	sim736	group_37
229	sim748	group_37
230	sim769	group_37
231	sim770	group_37
232	sim771	group_38
233	sim772	group_38
234	sim778	group_38
235	sim795	group_38
236	sim807	group_38
237	sim809	group_38
238	sim823	group_38
239	sim824	group_38
240	sim826	group_38
241	sim840	group_38
242	sim841	group_39
243	sim873	group_39
244	sim883	group_39
245	sim889	group_39
246	sim925	group_39
247	sim939	group_40
248	sim958	group_41
249	sim964	group_41
250	sim972	group_41
251	sim977	group_41
252	sim983	group_41
253	sim986	group_41
254	sim1027	group_42
255	sim1038	group_42
256	sim1073	group_42
257	sim1102	group_43
258	sim1127	group_43
259	sim1136	group_43
260	sim1151	group_43
261	sim1184	group_43
262	sim1187	group_43
263	sim1215	group_43
264	sim1231	group_43
265	sim1291	group_43
266	sim1448	group_43
267	sim1521	group_44
268	sim1525	group_45
269	sim1595	group_46
270	sim1629	group_46
271	sim1690	group_46
272	sim1700	group_46
273	sim1817	group_46
274	sim1832	group_46
275	sim1891	group_46
276	sim2005	group_46
277	sim2090	group_46
278	sim2161	group_47
279	sim2181	group_47
280	sim2206	group_47
281	sim2288	group_47
282	sim2324	group_47
283	sim2376	group_47
284	sim2385	group_48
285	sim2397	group_48
286	sim2497	group_48
287	sim2619	group_48
288	sim2673	group_48
289	sim2904	group_48
290	sim2964	group_48
291	sim3246	group_48
292	sim3325	group_48
293	sim3483	group_48
294	sim3661	group_49
295	sim3681	group_49
296	sim3762	group_49
297	sim3797	group_49
298	sim4114	group_50
299	sim4273	group_50
300	sim4278	group_51
301	sim4520	group_51
302	sim4618	group_51
303	sim4689	group_51
304	sim5115	group_51
305	sim5321	group_51
306	sim5349	group_51
307	sim5486	group_51
308	sim5500	group_51
309	sim6305	group_52
310	sim6308	group_52
311	sim6419	group_52
312	sim6437	group_52
313	sim6473	group_53
314	sim7084	group_53
315	sim7408	group_53
316	sim7478	group_53
317	sim8397	group_53
318	sim9433	group_53
319	sim9603	group_53
320	sim9665	group_53
321	sim9840	group_53
322	sim9845	group_54
323	sim9855	group_54
324	sim10221	group_54
325	sim10269	group_54
326	sim10356	group_54
327	sim10778	group_54
328	sim11751	group_54
329	sim11882	group_54
330	sim12182	group_54
331	sim12270	group_55
332	sim12894	group_55
333	sim12916	group_55
334	sim12940	group_55
335	sim13393	group_55
336	sim13694	group_55
337	sim14000	group_55
338	sim14120	group_55
339	sim14126	group_55
340	sim14146	group_56
341	sim14286	group_56
342	sim14505	group_56
343	sim14836	group_56
344	sim17043	group_56
345	sim17280	group_56
346	sim18812	group_56
347	sim19477	group_57
348	sim19720	group_57
349	sim20369	group_57
350	sim20370	group_57
351	sim20371	group_58
352	sim20372	group_58
353	sim20373	group_58
354	sim20375	group_58
355	sim20376	group_58
356	sim20377	group_58
357	sim20380	group_58
358	sim20381	group_58
359	sim20383	group_58
360	sim20384	group_58
361	sim20385	group_59
362	sim20386	group_59
363	sim20387	group_59
364	sim20388	group_60
365	sim20389	group_60
366	sim20390	group_60
367	sim20391	group_60
368	sim20392	group_61
369	sim20393	group_61
370	sim20394	group_61
371	sim20395	group_62
372	sim20396	group_62
373	sim20397	group_62
374	sim20398	group_62
375	sim20399	group_62
376	sim20400	group_62
377	sim20401	group_62
378	sim20402	group_63
379	sim20403	group_63
380	sim20405	group_63
381	sim20406	group_63
382	sim20407	group_63
383	sim20409	group_63
384	sim20410	group_63
385	sim20411	group_63
386	sim20412	group_64
387	sim20413	group_64
388	sim20414	group_64
389	sim20415	group_65
390	sim20416	group_65
391	sim20417	group_65
392	sim20418	group_65
393	sim20419	group_65
394	sim20420	group_65
395	sim20421	group_65
396	sim20422	group_65
397	sim20423	group_65
398	sim20424	group_66
399	sim20425	group_66
400	sim20426	group_66
401	sim20427	group_66
402	sim20428	group_67
403	sim20429	group_67
404	sim20430	group_67
405	sim20431	group_67
406	sim20432	group_68
407	sim20433	group_69
408	sim20434	group_70
409	sim20435	group_70
410	sim20436	group_70
411	sim20437	group_71
412	sim20439	group_71
413	sim20440	group_71
414	sim20441	group_72
415	sim20443	group_72
416	sim20444	group_72
417	sim20445	group_72
418	sim20447	group_72
419	sim20448	group_72
420	sim20449	group_72
421	sim20450	group_72
422	sim20452	group_73
423	sim20453	group_73
424	sim20454	group_74
425	sim20455	group_74
426	sim20456	group_74
427	sim20458	group_74
428	sim20459	group_74
429	sim20460	group_74
430	sim20462	group_74
431	sim20464	group_75
432	sim20465	group_75
433	sim20466	group_76
434	sim20467	group_76
435	sim20468	group_77
436	sim20469	group_77
437	sim20470	group_77
438	sim20471	group_77
439	sim20473	group_77
440	sim20475	group_77
441	sim20476	group_77
442	sim20479	group_78
443	sim20481	group_78
444	sim20482	group_78
445	sim20483	group_78
446	sim20485	group_79
447	sim20486	group_79
448	sim20487	group_79
449	sim20488	group_79
450	sim20489	group_79
451	sim20490	group_79
452	sim20491	group_79
453	sim20492	group_79
454	sim20493	group_80
455	sim20494	group_80
456	sim20495	group_80
457	sim20496	group_80
458	sim20497	group_80
459	sim20498	group_80
460	sim20499	group_80
461	sim20500	group_80
462	sim20501	group_80
463	sim20502	group_80
464	sim20503	group_81
465	sim20504	group_81
466	sim20505	group_81
467	sim20506	group_81
468	sim20507	group_81
469	sim20508	group_82
470	sim20509	group_83
471	sim20510	group_83
472	sim20512	group_83
473	sim20513	group_83
474	sim20514	group_83
475	sim20515	group_83
476	sim20516	group_83
477	sim20517	group_84
478	sim20518	group_84
479	sim20519	group_84
480	sim20520	group_84
481	sim20521	group_85
482	sim20522	group_85
483	sim20524	group_85
484	sim20525	group_85
485	sim20527	group_85
486	sim20528	group_85
487	sim20529	group_85
488	sim20531	group_86
489	sim20532	group_86
490	sim20533	group_86
491	sim20534	group_86
492	sim20535	group_87
493	sim20536	group_87
494	sim20537	group_87
495	sim20538	group_87
496	sim20539	group_87
497	sim20541	group_87
498	sim20542	group_87
499	sim20543	group_87
500	sim20544	group_87
501	sim20545	group_88
502	sim20546	group_88
503	sim20547	group_88
504	sim20548	group_88
505	sim20549	group_88
506	sim20550	group_89
507	sim20552	group_89
508	sim20553	group_89
509	sim20554	group_89
510	sim20555	group_89
511	sim20556	group_89
512	sim20559	group_89
513	sim20560	group_89
514	sim20563	group_90
515	sim20564	group_90
516	sim20568	group_90
517	sim20569	group_90
518	sim20570	group_90
519	sim20571	group_90
520	sim20574	group_90
521	sim20575	group_90
522	sim20576	group_90
523	sim20577	group_90
524	sim20579	group_91
525	sim20580	group_91
526	sim20581	group_91
527	sim20582	group_91
528	sim20583	group_91
529	sim20584	group_91
530	sim20586	group_91
531	sim20587	group_92
532	sim20589	group_92
533	sim20590	group_92
534	sim20591	group_92
535	sim20593	group_92
536	sim20594	group_92
537	sim20595	group_92
538	sim20596	group_92
539	sim20597	group_92
540	sim20598	group_93
541	sim20599	group_93
542	sim20600	group_93
543	sim20601	group_93
544	sim20602	group_93
545	sim20603	group_93
546	sim20604	group_93
547	sim20605	group_93
548	sim20606	group_94
549	sim20607	group_95
550	sim20608	group_95
551	sim20609	group_95
552	sim20610	group_95
553	sim20611	group_95
554	sim20612	group_95
555	sim20613	group_95
556	sim20614	group_96
557	sim20616	group_96
558	sim20617	group_96
559	sim20618	group_96
560	sim20620	group_97
561	sim20621	group_97
562	sim20622	group_97
563	sim20623	group_97
564	sim20625	group_98
565	sim20626	group_98
566	sim20627	group_98
567	sim20628	group_98
568	sim20629	group_98
569	sim20630	group_98
570	sim20631	group_98
571	sim20632	group_99
572	sim20633	group_99
573	sim20634	group_100
574	sim20636	group_100
575	sim20637	group_100
576	sim20639	group_100
577	sim20641	group_100
578	sim20643	group_100
579	sim20644	group_100
580	sim20645	group_100
581	sim20646	group_100
582	sim20647	group_101
583	sim20649	group_101
584	sim20650	group_101
585	sim20651	group_101
586	sim20652	group_101
587	sim20653	group_102
588	sim20654	group_102
589	sim20655	group_102
590	sim20656	group_103
591	sim20657	group_103
592	sim20658	group_103
593	sim20659	group_103
594	sim20660	group_103
595	sim20661	group_103
596	sim20662	group_103
597	sim20663	group_103
598	sim20666	group_103
599	sim20667	group_103
600	sim20668	group_104
601	sim20669	group_104
602	sim20670	group_104
603	sim20671	group_104
604	sim20672	group_105
605	sim20673	group_106
606	sim20674	group_107
607	sim20675	group_107
608	sim20676	group_107
609	sim20677	group_107
610	sim20678	group_107
611	sim20679	group_107
612	sim20680	group_107
613	sim20682	group_107
614	sim20683	group_108
615	sim20684	group_108
616	sim20685	group_108
617	sim20686	group_109
618	sim20687	group_109
619	sim20688	group_109
620	sim20689	group_109
621	sim20690	group_109
622	sim20691	group_109
623	sim20692	group_109
624	sim20693	group_109
625	sim20694	group_110
626	sim20696	group_110
627	sim20697	group_111
628	sim20698	group_111
629	sim20699	group_112
630	sim20700	group_112
631	sim20701	group_112
632	sim20702	group_112
633	sim20703	group_112
634	sim20705	group_112
635	sim20706	group_113
636	sim20707	group_113
637	sim20708	group_113
638	sim20709	group_113
639	sim20710	group_114
640	sim20711	group_114
641	sim20713	group_114
642	sim20714	group_114
643	sim20715	group_114
644	sim20716	group_114
645	sim20717	group_114
646	sim20718	group_115
647	sim20719	group_115
648	sim20720	group_115
649	sim20721	group_115
650	sim20722	group_116
651	sim20723	group_116
652	sim20724	group_116
653	sim20725	group_116
654	sim20726	group_116
655	sim20727	group_116
656	sim20728	group_116
657	sim20729	group_116
658	sim20730	group_116
659	sim20731	group_117
660	sim20732	group_117
661	sim20733	group_117
662	sim20734	group_117
663	sim20735	group_118
664	sim20736	group_118
665	sim20737	group_118
666	sim20739	group_118
667	sim20740	group_118
668	sim20741	group_119
669	sim20742	group_119
670	sim20744	group_120
671	sim20745	group_120
672	sim20746	group_120
673	sim20747	group_120
674	sim20748	group_120
675	sim20749	group_120
676	sim20750	group_120
677	sim20751	group_120
678	sim20752	group_120
679	sim20753	group_121
680	sim20754	group_121
681	sim20755	group_121
682	sim20756	group_121
683	sim20757	group_121
684	sim20758	group_121
685	sim20761	group_121
686	sim20762	group_121
687	sim20763	group_121
688	sim20765	group_121
689	sim20766	group_122
690	sim20768	group_122
691	sim20769	group_122
692	sim20770	group_122
693	sim20771	group_122
694	sim20772	group_122
695	sim20774	group_122
696	sim20775	group_123
697	sim20776	group_123
698	sim20778	group_123
699	sim20779	group_123
700	sim20780	group_124
701	sim20782	group_124
702	sim20783	group_124
703	sim20785	group_124
704	sim20786	group_124
705	sim20788	group_124
706	sim20789	group_125
707	sim20790	group_125
708	sim20791	group_125
709	sim20792	group_125
710	sim20793	group_125
711	sim20795	group_126
712	sim20796	group_126
713	sim20798	group_126
714	sim20799	group_127
715	sim20800	group_127
716	sim20803	group_127
717	sim20804	group_128
718	sim20805	group_128
719	sim20806	group_129
720	sim20808	group_129
721	sim20809	group_130
722	sim20810	group_131
723	sim20811	group_131
724	sim20812	group_131
725	sim20813	group_131
726	sim20814	group_131
727	sim20816	group_132
728	sim20820	group_132
729	sim20821	group_132
730	sim20822	group_132
731	sim20823	group_132
732	sim20824	group_132
733	sim20825	group_132
734	sim20826	group_133
735	sim20827	group_133
736	sim20828	group_133
737	sim20829	group_133
738	sim20830	group_134
739	sim20833	group_134
740	sim20834	group_134
741	sim20835	group_134
742	sim20837	group_134
743	sim20839	group_134
744	sim20840	group_134
745	sim20841	group_134
746	sim20843	group_134
747	sim20846	group_134
748	sim20847	group_135
749	sim20848	group_135
750	sim20849	group_135
751	sim20850	group_135
752	sim20852	group_135
753	sim20853	group_135
754	sim20854	group_135
755	sim20855	group_136
756	sim20856	group_136
757	sim20858	group_136
758	sim20860	group_136
759	sim20861	group_136
760	sim20862	group_136
761	sim20864	group_136
762	sim20865	group_136
763	sim20867	group_137
764	sim20868	group_137
765	sim20869	group_137
766	sim20870	group_137
767	sim20871	group_137
768	sim20875	group_137
769	sim20877	group_137
770	sim20878	group_137
771	sim20879	group_137
772	sim20880	group_137
773	sim20881	group_138
774	sim20883	group_138
775	sim20885	group_138
776	sim20887	group_138
777	sim20888	group_138
778	sim20890	group_139
779	sim20891	group_139
780	sim20892	group_139
781	sim20893	group_139
782	sim20897	group_140
783	sim20899	group_140
784	sim20902	group_140
785	sim20904	group_140
786	sim20905	group_140
787	sim20906	group_140
788	sim20908	group_140
789	sim20909	group_140
790	sim20910	group_140
791	sim20912	group_141
792	sim20913	group_141
793	sim20914	group_141
794	sim20916	group_141
795	sim20917	group_141
796	sim20918	group_141
797	sim20920	group_142
798	sim20921	group_142
799	sim20922	group_142
800	sim20924	group_142
801	sim20925	group_142
802	sim20926	group_142
803	sim20927	group_143
804	sim20930	group_143
805	sim20931	group_143
806	sim20932	group_143
807	sim20933	group_143
808	sim20935	group_143
809	sim20936	group_143
810	sim20937	group_144
811	sim20938	group_144
812	sim20940	group_144
813	sim20945	group_144
814	sim20946	group_144
815	sim20947	group_145
816	sim20949	group_146
817	sim20950	group_146
818	sim20951	group_146
819	sim20952	group_146
820	sim20953	group_146
821	sim20954	group_146
822	sim20957	group_146
823	sim20959	group_146
824	sim20960	group_147
825	sim20962	group_147
826	sim20964	group_147
827	sim20965	group_147
828	sim20966	group_147
829	sim20967	group_147
830	sim20971	group_148
831	sim20972	group_148
832	sim20973	group_148
833	sim20975	group_148
834	sim20976	group_148
835	sim20977	group_148
836	sim20979	group_148
837	sim20981	group_148
838	sim20984	group_148
839	sim20991	group_149
840	sim20993	group_149
841	sim20994	group_149
842	sim20997	group_149
843	sim20998	group_149
844	sim21001	group_149
845	sim21003	group_149
846	sim21009	group_149
847	sim21011	group_150
848	sim21012	group_150
849	sim21013	group_150
850	sim21015	group_150
851	sim21016	group_150
852	sim21017	group_150
853	sim21019	group_151
854	sim21023	group_151
855	sim21024	group_151
856	sim21026	group_151
857	sim21030	group_151
858	sim21031	group_151
859	sim21036	group_151
860	sim21037	group_152
861	sim21041	group_152
862	sim21042	group_152
863	sim21043	group_152
864	sim21044	group_152
865	sim21045	group_152
866	sim21046	group_152
867	sim21047	group_152
868	sim21049	group_152
869	sim21051	group_152
870	sim21054	group_153
871	sim21056	group_153
872	sim21058	group_153
873	sim21059	group_153
874	sim21060	group_153
875	sim21062	group_153
876	sim21063	group_153
877	sim21064	group_153
878	sim21065	group_153
879	sim21067	group_153
880	sim21068	group_154
881	sim21069	group_154
882	sim21071	group_154
883	sim21072	group_154
884	sim21077	group_154
885	sim21079	group_154
886	sim21080	group_154
887	sim21082	group_154
888	sim21084	group_154
889	sim21085	group_155
890	sim21088	group_156
891	sim21089	group_156
892	sim21090	group_156
893	sim21093	group_156
894	sim21094	group_157
895	sim21095	group_157
896	sim21096	group_157
897	sim21097	group_157
898	sim21099	group_157
899	sim21100	group_157
900	sim21101	group_157
901	sim21102	group_158
902	sim21103	group_158
903	sim21104	group_158
904	sim21105	group_158
905	sim21107	group_158
906	sim21110	group_158
907	sim21111	group_158
908	sim21112	group_158
909	sim21119	group_158
910	sim21122	group_159
911	sim21125	group_159
912	sim21127	group_159
913	sim21129	group_159
914	sim21130	group_159
915	sim21131	group_159
916	sim21134	group_160
917	sim21137	group_160
918	sim21140	group_160
919	sim21141	group_160
920	sim21142	group_160
921	sim21143	group_160
922	sim21144	group_160
923	sim21149	group_161
924	sim21152	group_161
925	sim21153	group_161
926	sim21156	group_161
927	sim21162	group_161
928	sim21164	group_161
929	sim21166	group_161
930	sim21167	group_161
931	sim21173	group_162
932	sim21176	group_162
933	sim21178	group_162
934	sim21179	group_162
935	sim21182	group_163
936	sim21184	group_163
937	sim21185	group_163
938	sim21190	group_163
939	sim21191	group_164
940	sim21194	group_164
941	sim21195	group_164
942	sim21197	group_164
943	sim21200	group_164
944	sim21204	group_164
945	sim21205	group_164
946	sim21207	group_165
947	sim21210	group_165
948	sim21214	group_165
949	sim21216	group_165
950	sim21218	group_165
951	sim21221	group_165
952	sim21230	group_165
953	sim21231	group_165
954	sim21235	group_165
955	sim21238	group_166
956	sim21239	group_166
957	sim21241	group_166
958	sim21242	group_166
959	sim21243	group_166
960	sim21247	group_166
961	sim21249	group_166
962	sim21254	group_166
963	sim21258	group_166
964	sim21267	group_167
965	sim21270	group_168
966	sim21273	group_168
967	sim21278	group_168
968	sim21282	group_168
969	sim21286	group_168
970	sim21292	group_168
971	sim21293	group_168
972	sim21295	group_168
973	sim21298	group_168
974	sim21303	group_168
975	sim21307	group_169
976	sim21311	group_170
977	sim21312	group_170
978	sim21318	group_170
979	sim21333	group_170
980	sim21345	group_170
981	sim21346	group_170
982	sim21349	group_170
983	sim21354	group_170
984	sim21355	group_171
985	sim21359	group_172
986	sim21360	group_172
987	sim21361	group_172
988	sim21369	group_172
989	sim21371	group_172
990	sim21373	group_172
991	sim21378	group_172
992	sim21384	group_172
993	sim21388	group_172
994	sim21390	group_173
995	sim21404	group_173
996	sim21405	group_174
997	sim21409	group_174
998	sim21411	group_174
999	sim21416	group_174
1000	sim21427	group_174
1001	sim21429	group_174
1002	sim21432	group_174
1003	sim21434	group_174
1004	sim21435	group_174
1005	sim21437	group_175
1006	sim21441	group_175
1007	sim21461	group_175
1008	sim21472	group_175
1009	sim21474	group_175
1010	sim21480	group_175
1011	sim21483	group_175
1012	sim21486	group_175
1013	sim21496	group_176
1014	sim21513	group_176
1015	sim21519	group_176
1016	sim21520	group_176
1017	sim21521	group_176
1018	sim21526	group_176
1019	sim21531	group_176
1020	sim21541	group_176
1021	sim21552	group_176
1022	sim21555	group_176
1023	sim21559	group_177
1024	sim21571	group_177
1025	sim21575	group_177
1026	sim21582	group_177
1027	sim21583	group_177
1028	sim21588	group_177
1029	sim21669	group_177
1030	sim21674	group_177
1031	sim21685	group_177
1032	sim21688	group_178
1033	sim21701	group_178
1034	sim21711	group_178
1035	sim21722	group_178
1036	sim21730	group_179
1037	sim21738	group_179
1038	sim21790	group_179
1039	sim21810	group_179
1040	sim21812	group_179
1041	sim21820	group_179
1042	sim21821	group_179
1043	sim21841	group_179
1044	sim21846	group_179
1045	sim21857	group_179
1046	sim21881	group_180
1047	sim21889	group_180
1048	sim21894	group_180
1049	sim21900	group_180
1050	sim21907	group_180
1051	sim21919	group_181
1052	sim21940	group_181
1053	sim21961	group_181
1054	sim21999	group_181
1055	sim22004	group_181
1056	sim22010	group_181
1057	sim22029	group_182
1058	sim22046	group_182
1059	sim22049	group_183
1060	sim22054	group_183
1061	sim22057	group_183
1062	sim22093	group_184
1063	sim22154	group_185
1064	sim22211	group_186
1065	sim22224	group_186
1066	sim22228	group_186
1067	sim22246	group_186
1068	sim22255	group_186
1069	sim22277	group_187
1070	sim22395	group_188
1071	sim22419	group_188
1072	sim22439	group_188
1073	sim22479	group_188
1074	sim22552	group_188
1075	sim22576	group_188
1076	sim22623	group_188
1077	sim22650	group_189
1078	sim22674	group_189
1079	sim22679	group_189
1080	sim22698	group_189
1081	sim22706	group_189
1082	sim22709	group_189
1083	sim22749	group_189
1084	sim22813	group_189
1085	sim22823	group_189
1086	sim22845	group_189
1087	sim22874	group_190
1088	sim22898	group_190
1089	sim22902	group_190
1090	sim22905	group_190
1091	sim22931	group_190
1092	sim22949	group_190
1093	sim22999	group_190
1094	sim23006	group_191
1095	sim23054	group_191
1096	sim23105	group_191
1097	sim23113	group_191
1098	sim23127	group_191
1099	sim23150	group_191
1100	sim23164	group_191
1101	sim23185	group_192
1102	sim23193	group_192
1103	sim23302	group_192
1104	sim23311	group_192
1105	sim23372	group_192
1106	sim23379	group_192
1107	sim23412	group_192
1108	sim23425	group_192
1109	sim23435	group_192
1110	sim23480	group_193
1111	sim23495	group_193
1112	sim23557	group_193
1113	sim23602	group_194
1114	sim23612	group_194
1115	sim23621	group_194
1116	sim23630	group_194
1117	sim23656	group_194
1118	sim23702	group_194
1119	sim23794	group_194
1120	sim23844	group_194
1121	sim23862	group_194
1122	sim23867	group_194
1123	sim23897	group_195
1124	sim23971	group_195
1125	sim24047	group_195
1126	sim24081	group_195
1127	sim24176	group_195
1128	sim24202	group_195
1129	sim24345	group_195
1130	sim24455	group_196
1131	sim24489	group_196
1132	sim24515	group_196
1133	sim24615	group_196
1134	sim24665	group_196
1135	sim24677	group_196
1136	sim24696	group_196
1137	sim24762	group_196
1138	sim24806	group_196
1139	sim24813	group_196
1140	sim24814	group_197
1141	sim24815	group_198
1142	sim24816	group_198
1143	sim24817	group_198
1144	sim24818	group_198
1145	sim24819	group_199
1146	sim24820	group_199
1147	sim24821	group_199
1148	sim24822	group_199
1149	sim24823	group_199
1150	sim24824	group_199
1151	sim24825	group_199
1152	sim24826	group_200
1153	sim24827	group_201
1154	sim24828	group_202
1155	sim24829	group_202
1156	sim24831	group_202
1157	sim24832	group_202
1158	sim24833	group_202
1159	sim24834	group_202
1160	sim24835	group_202
1161	sim24836	group_203
1162	sim24837	group_203
1163	sim24838	group_203
1164	sim24839	group_203
1165	sim24840	group_203
1166	sim24841	group_203
1167	sim24843	group_203
1168	sim24844	group_203
1169	sim24845	group_204
1170	sim24846	group_204
1171	sim24847	group_204
1172	sim24848	group_204
1173	sim24849	group_204
1174	sim24850	group_204
1175	sim24851	group_204
1176	sim24852	group_204
1177	sim24853	group_204
1178	sim24854	group_204
1179	sim24855	group_205
1180	sim24856	group_205
1181	sim24857	group_205
1182	sim24858	group_205
1183	sim24859	group_205
1184	sim24860	group_205
1185	sim24861	group_205
1186	sim24862	group_206
1187	sim24863	group_206
1188	sim24864	group_206
1189	sim24865	group_206
1190	sim24866	group_206
1191	sim24867	group_206
1192	sim24868	group_207
1193	sim24869	group_207
1194	sim24870	group_207
1195	sim24871	group_207
1196	sim24872	group_207
1197	sim24873	group_208
1198	sim24874	group_208
1199	sim24875	group_208
1200	sim24876	group_208
1201	sim24878	group_208
1202	sim24879	group_209
1203	sim24880	group_209
1204	sim24881	group_209
1205	sim24882	group_209
1206	sim24883	group_209
1207	sim24884	group_209
1208	sim24886	group_209
1209	sim24887	group_209
1210	sim24888	group_210
1211	sim24889	group_210
1212	sim24890	group_210
1213	sim24891	group_210
1214	sim24893	group_210
1215	sim24894	group_210
1216	sim24895	group_210
1217	sim24896	group_210
1218	sim24897	group_211
1219	sim24898	group_211
1220	sim24899	group_211
1221	sim24900	group_211
1222	sim24901	group_211
1223	sim24902	group_211
1224	sim24903	group_211
1225	sim24905	group_211
1226	sim24906	group_212
1227	sim24907	group_212
1228	sim24908	group_212
1229	sim24909	group_212
1230	sim24910	group_212
1231	sim24911	group_212
1232	sim24912	group_213
1233	sim24913	group_213
1234	sim24914	group_213
1235	sim24915	group_213
1236	sim24917	group_213
1237	sim24918	group_213
1238	sim24919	group_213
1239	sim24920	group_214
1240	sim24921	group_214
1241	sim24922	group_214
1242	sim24923	group_214
1243	sim24924	group_214
1244	sim24925	group_214
1245	sim24926	group_214
1246	sim24927	group_214
1247	sim24928	group_215
1248	sim24929	group_215
1249	sim24930	group_215
1250	sim24931	group_215
1251	sim24932	group_215
1252	sim24933	group_216
1253	sim24934	group_216
1254	sim24935	group_216
1255	sim24936	group_216
1256	sim24937	group_216
1257	sim24938	group_216
1258	sim24939	group_216
1259	sim24940	group_216
1260	sim24941	group_216
1261	sim24942	group_216
1262	sim24943	group_217
1263	sim24944	group_217
1264	sim24945	group_217
1265	sim24946	group_218
1266	sim24947	group_218
1267	sim24948	group_218
1268	sim24949	group_218
1269	sim24950	group_218
1270	sim24951	group_218
1271	sim24952	group_218
1272	sim24954	group_219
1273	sim24955	group_219
1274	sim24956	group_219
1275	sim24958	group_219
1276	sim24959	group_219
1277	sim24961	group_219
1278	sim24962	group_219
1279	sim24963	group_219
1280	sim24964	group_219
1281	sim24965	group_220
1282	sim24966	group_220
1283	sim24967	group_220
1284	sim24968	group_220
1285	sim24969	group_220
1286	sim24971	group_220
1287	sim24972	group_220
1288	sim24973	group_220
1289	sim24975	group_220
1290	sim24976	group_221
1291	sim24977	group_221
1292	sim24978	group_221
1293	sim24979	group_222
1294	sim24980	group_222
1295	sim24981	group_222
1296	sim24983	group_222
1297	sim24984	group_222
1298	sim24985	group_222
1299	sim24986	group_222
1300	sim24987	group_223
1301	sim24988	group_223
1302	sim24989	group_223
1303	sim24990	group_223
1304	sim24991	group_223
1305	sim24992	group_223
1306	sim24993	group_223
1307	sim24994	group_223
1308	sim24995	group_224
1309	sim24996	group_224
1310	sim24997	group_224
1311	sim24998	group_224
1312	sim24999	group_224
1313	sim25000	group_224
1314	sim25001	group_224
1315	sim25002	group_224
1316	sim25003	group_224
1317	sim25004	group_224
1318	sim25005	group_225
1319	sim25006	group_225
1320	sim25007	group_225
1321	sim25008	group_225
1322	sim25010	group_225
1323	sim25011	group_225
1324	sim25013	group_225
1325	sim25014	group_225
1326	sim25015	group_226
1327	sim25016	group_226
1328	sim25017	group_226
1329	sim25018	group_226
1330	sim25019	group_226
1331	sim25020	group_226
1332	sim25021	group_226
1333	sim25022	group_226
1334	sim25023	group_226
1335	sim25024	group_227
1336	sim25025	group_227
1337	sim25027	group_227
1338	sim25029	group_228
1339	sim25030	group_228
1340	sim25031	group_228
1341	sim25033	group_229
1342	sim25034	group_229
1343	sim25035	group_230
1344	sim25036	group_230
1345	sim25037	group_230
1346	sim25038	group_231
1347	sim25039	group_231
1348	sim25040	group_231
1349	sim25041	group_232
1350	sim25042	group_232
1351	sim25043	group_232
1352	sim25044	group_232
1353	sim25045	group_232
1354	sim25046	group_232
1355	sim25047	group_232
1356	sim25048	group_233
1357	sim25049	group_233
1358	sim25050	group_233
1359	sim25051	group_233
1360	sim25052	group_234
1361	sim25053	group_234
1362	sim25054	group_234
1363	sim25055	group_234
1364	sim25056	group_234
1365	sim25058	group_234
1366	sim25059	group_234
1367	sim25060	group_234
1368	sim25061	group_235
1369	sim25062	group_235
1370	sim25064	group_235
1371	sim25065	group_235
1372	sim25066	group_235
1373	sim25067	group_236
1374	sim25069	group_237
1375	sim25070	group_238
1376	sim25071	group_238
1377	sim25072	group_238
1378	sim25073	group_238
1379	sim25074	group_238
1380	sim25075	group_238
1381	sim25077	group_239
1382	sim25078	group_240
1383	sim25079	group_240
1384	sim25080	group_240
1385	sim25081	group_240
1386	sim25082	group_241
1387	sim25083	group_241
1388	sim25084	group_242
1389	sim25085	group_243
1390	sim25086	group_243
1391	sim25087	group_243
1392	sim25088	group_243
1393	sim25090	group_243
1394	sim25091	group_243
1395	sim25092	group_243
1396	sim25093	group_243
1397	sim25094	group_243
1398	sim25095	group_244
1399	sim25096	group_244
1400	sim25097	group_244
1401	sim25098	group_244
1402	sim25099	group_245
1403	sim25100	group_245
1404	sim25101	group_245
1405	sim25102	group_246
1406	sim25103	group_246
1407	sim25105	group_246
1408	sim25106	group_246
1409	sim25107	group_246
1410	sim25108	group_246
1411	sim25109	group_247
1412	sim25110	group_247
1413	sim25111	group_247
1414	sim25112	group_248
1415	sim25113	group_248
1416	sim25114	group_248
1417	sim25115	group_248
1418	sim25116	group_248
1419	sim25117	group_248
1420	sim25118	group_248
1421	sim25119	group_248
1422	sim25120	group_248
1423	sim25121	group_249
1424	sim25122	group_249
1425	sim25123	group_249
1426	sim25124	group_249
1427	sim25125	group_249
1428	sim25127	group_250
1429	sim25128	group_250
1430	sim25130	group_250
1431	sim25132	group_250
1432	sim25133	group_250
1433	sim25134	group_250
1434	sim25135	group_250
1435	sim25137	group_250
1436	sim25138	group_250
1437	sim25139	group_251
1438	sim25140	group_251
1439	sim25141	group_251
1440	sim25142	group_251
1441	sim25143	group_251
1442	sim25144	group_252
1443	sim25145	group_252
1444	sim25146	group_252
1445	sim25147	group_252
1446	sim25148	group_252
1447	sim25149	group_252
1448	sim25150	group_252
1449	sim25151	group_252
1450	sim25152	group_253
1451	sim25153	group_253
1452	sim25154	group_253
1453	sim25155	group_253
1454	sim25156	group_253
1455	sim25157	group_254
1456	sim25158	group_254
1457	sim25160	group_254
1458	sim25161	group_254
1459	sim25162	group_254
1460	sim25163	group_254
1461	sim25164	group_254
1462	sim25165	group_254
1463	sim25166	group_255
1464	sim25167	group_255
1465	sim25168	group_255
1466	sim25170	group_255
1467	sim25171	group_255
1468	sim25172	group_255
1469	sim25173	group_255
1470	sim25174	group_255
1471	sim25175	group_255
1472	sim25176	group_255
1473	sim25177	group_256
1474	sim25178	group_256
1475	sim25179	group_256
1476	sim25181	group_256
1477	sim25182	group_256
1478	sim25183	group_257
1479	sim25184	group_257
1480	sim25185	group_257
1481	sim25186	group_257
1482	sim25187	group_257
1483	sim25188	group_258
1484	sim25189	group_258
1485	sim25191	group_258
1486	sim25192	group_258
1487	sim25194	group_258
1488	sim25195	group_258
1489	sim25196	group_258
1490	sim25197	group_258
1491	sim25198	group_258
1492	sim25200	group_258
1493	sim25201	group_259
1494	sim25202	group_259
1495	sim25203	group_259
1496	sim25204	group_259
1497	sim25205	group_259
1498	sim25206	group_259
1499	sim25207	group_259
1500	sim25208	group_260
1501	sim25209	group_260
1502	sim25210	group_260
1503	sim25211	group_260
1504	sim25212	group_260
1505	sim25213	group_261
1506	sim25214	group_261
1507	sim25215	group_261
1508	sim25216	group_261
1509	sim25217	group_261
1510	sim25218	group_262
1511	sim25220	group_263
1512	sim25221	group_263
1513	sim25222	group_263
1514	sim25223	group_263
1515	sim25224	group_263
1516	sim25225	group_263
1517	sim25226	group_263
1518	sim25227	group_263
1519	sim25229	group_263
1520	sim25230	group_264
1521	sim25232	group_264
1522	sim25233	group_264
1523	sim25234	group_264
1524	sim25237	group_264
1525	sim25238	group_264
1526	sim25239	group_264
1527	sim25240	group_264
1528	sim25241	group_264
1529	sim25243	group_265
1530	sim25245	group_265
1531	sim25246	group_265
1532	sim25247	group_265
1533	sim25248	group_266
1534	sim25249	group_266
1535	sim25250	group_266
1536	sim25251	group_266
1537	sim25252	group_266
1538	sim25253	group_266
1539	sim25254	group_266
1540	sim25255	group_267
1541	sim25256	group_267
1542	sim25258	group_267
1543	sim25259	group_267
1544	sim25260	group_267
1545	sim25261	group_267
1546	sim25263	group_267
1547	sim25264	group_268
1548	sim25265	group_268
1549	sim25266	group_268
1550	sim25267	group_268
1551	sim25268	group_269
1552	sim25269	group_269
1553	sim25273	group_269
1554	sim25274	group_269
1555	sim25275	group_269
1556	sim25276	group_269
1557	sim25277	group_269
1558	sim25278	group_269
1559	sim25279	group_269
1560	sim25280	group_269
1561	sim25282	group_270
1562	sim25283	group_270
1563	sim25285	group_270
1564	sim25286	group_270
1565	sim25287	group_270
1566	sim25288	group_270
1567	sim25289	group_270
1568	sim25291	group_271
1569	sim25292	group_272
1570	sim25293	group_272
1571	sim25294	group_272
1572	sim25295	group_273
1573	sim25296	group_273
1574	sim25297	group_273
1575	sim25298	group_273
1576	sim25301	group_273
1577	sim25302	group_273
1578	sim25303	group_274
1579	sim25304	group_274
1580	sim25306	group_274
1581	sim25307	group_274
1582	sim25309	group_274
1583	sim25311	group_274
1584	sim25313	group_274
1585	sim25314	group_275
1586	sim25315	group_276
1587	sim25316	group_276
1588	sim25319	group_277
1589	sim25321	group_278
1590	sim25323	group_278
1591	sim25324	group_278
1592	sim25325	group_278
1593	sim25327	group_278
1594	sim25328	group_278
1595	sim25329	group_278
1596	sim25331	group_278
1597	sim25332	group_278
1598	sim25334	group_278
1599	sim25336	group_279
1600	sim25337	group_279
1601	sim25338	group_279
1602	sim25339	group_279
1603	sim25340	group_279
1604	sim25343	group_279
1605	sim25344	group_280
1606	sim25346	group_280
1607	sim25347	group_281
1608	sim25349	group_281
1609	sim25353	group_281
1610	sim25354	group_281
1611	sim25355	group_282
1612	sim25356	group_282
1613	sim25357	group_282
1614	sim25358	group_282
1615	sim25359	group_282
1616	sim25360	group_282
1617	sim25361	group_282
1618	sim25362	group_283
1619	sim25365	group_283
1620	sim25366	group_283
1621	sim25369	group_283
1622	sim25372	group_283
1623	sim25373	group_283
1624	sim25374	group_284
1625	sim25375	group_284
1626	sim25376	group_284
1627	sim25377	group_284
1628	sim25379	group_284
1629	sim25381	group_284
1630	sim25382	group_284
1631	sim25383	group_285
1632	sim25385	group_285
1633	sim25386	group_285
1634	sim25387	group_285
1635	sim25388	group_285
1636	sim25389	group_285
1637	sim25390	group_286
1638	sim25392	group_286
1639	sim25393	group_286
1640	sim25394	group_286
1641	sim25399	group_286
1642	sim25401	group_287
1643	sim25402	group_287
1644	sim25406	group_287
1645	sim25407	group_287
1646	sim25408	group_287
1647	sim25415	group_287
1648	sim25417	group_287
1649	sim25418	group_287
1650	sim25419	group_288
1651	sim25422	group_289
1652	sim25423	group_289
1653	sim25424	group_289
1654	sim25426	group_289
1655	sim25429	group_289
1656	sim25431	group_289
1657	sim25436	group_289
1658	sim25437	group_289
1659	sim25438	group_290
1660	sim25439	group_290
1661	sim25440	group_290
1662	sim25443	group_290
1663	sim25444	group_290
1664	sim25445	group_291
1665	sim25447	group_291
1666	sim25448	group_291
1667	sim25449	group_291
1668	sim25452	group_292
1669	sim25453	group_292
1670	sim25455	group_292
1671	sim25456	group_292
1672	sim25457	group_292
1673	sim25458	group_292
1674	sim25462	group_292
1675	sim25463	group_292
1676	sim25464	group_292
1677	sim25467	group_292
1678	sim25476	group_293
1679	sim25478	group_293
1680	sim25479	group_293
1681	sim25482	group_293
1682	sim25483	group_294
1683	sim25488	group_294
1684	sim25491	group_294
1685	sim25493	group_294
1686	sim25495	group_294
1687	sim25497	group_294
1688	sim25498	group_294
1689	sim25499	group_295
1690	sim25500	group_295
1691	sim25501	group_295
1692	sim25506	group_295
1693	sim25507	group_295
1694	sim25510	group_295
1695	sim25514	group_295
1696	sim25519	group_296
1697	sim25520	group_296
1698	sim25523	group_296
1699	sim25524	group_296
1700	sim25530	group_296
1701	sim25532	group_296
1702	sim25537	group_297
1703	sim25539	group_297
1704	sim25541	group_297
1705	sim25546	group_297
1706	sim25548	group_297
1707	sim25549	group_297
1708	sim25553	group_298
1709	sim25558	group_298
1710	sim25559	group_299
1711	sim25561	group_299
1712	sim25562	group_299
1713	sim25563	group_299
1714	sim25565	group_300
1715	sim25567	group_300
1716	sim25570	group_300
1717	sim25573	group_300
1718	sim25574	group_300
1719	sim25576	group_300
1720	sim25579	group_300
1721	sim25580	group_300
1722	sim25581	group_300
1723	sim25583	group_301
1724	sim25584	group_301
1725	sim25586	group_301
1726	sim25587	group_301
1727	sim25588	group_301
1728	sim25591	group_301
1729	sim25595	group_301
1730	sim25604	group_301
1731	sim25610	group_301
1732	sim25615	group_301
1733	sim25616	group_302
1734	sim25619	group_302
1735	sim25621	group_302
1736	sim25623	group_302
1737	sim25625	group_302
1738	sim25626	group_302
1739	sim25629	group_302
1740	sim25632	group_302
1741	sim25634	group_302
1742	sim25635	group_302
1743	sim25639	group_303
1744	sim25646	group_303
1745	sim25649	group_303
1746	sim25655	group_303
1747	sim25662	group_303
1748	sim25663	group_304
1749	sim25665	group_304
1750	sim25667	group_304
1751	sim25668	group_305
1752	sim25673	group_305
1753	sim25677	group_306
1754	sim25681	group_306
1755	sim25683	group_306
1756	sim25686	group_306
1757	sim25689	group_306
1758	sim25692	group_307
1759	sim25693	group_307
1760	sim25694	group_307
1761	sim25696	group_307
1762	sim25700	group_307
1763	sim25703	group_307
1764	sim25711	group_307
1765	sim25717	group_308
1766	sim25718	group_308
1767	sim25732	group_308
1768	sim25734	group_308
1769	sim25736	group_308
1770	sim25737	group_309
1771	sim25738	group_309
1772	sim25740	group_309
1773	sim25748	group_310
1774	sim25752	group_310
1775	sim25754	group_310
1776	sim25756	group_310
1777	sim25757	group_310
1778	sim25760	group_310
1779	sim25771	group_310
1780	sim25774	group_311
1781	sim25778	group_311
1782	sim25782	group_311
1783	sim25783	group_311
1784	sim25787	group_311
1785	sim25788	group_311
1786	sim25790	group_311
1787	sim25792	group_312
1788	sim25793	group_312
1789	sim25794	group_312
1790	sim25797	group_312
1791	sim25800	group_312
1792	sim25806	group_312
1793	sim25818	group_313
1794	sim25842	group_314
1795	sim25844	group_314
1796	sim25845	group_314
1797	sim25853	group_314
1798	sim25854	group_314
1799	sim25856	group_314
1800	sim25859	group_314
1801	sim25862	group_314
1802	sim25866	group_314
1803	sim25869	group_314
1804	sim25872	group_315
1805	sim25878	group_315
1806	sim25884	group_315
1807	sim25885	group_315
1808	sim25888	group_315
1809	sim25905	group_315
1810	sim25914	group_315
1811	sim25923	group_315
1812	sim25927	group_316
1813	sim25932	group_316
1814	sim25937	group_316
1815	sim25938	group_317
1816	sim25941	group_317
1817	sim25948	group_317
1818	sim25959	group_317
1819	sim25960	group_318
1820	sim25961	group_318
1821	sim25968	group_318
1822	sim25976	group_318
1823	sim25982	group_318
1824	sim25984	group_318
1825	sim25993	group_319
1826	sim25997	group_319
1827	sim25999	group_319
1828	sim26000	group_319
1829	sim26001	group_319
1830	sim26008	group_319
1831	sim26009	group_319
1832	sim26011	group_319
1833	sim26013	group_319
1834	sim26016	group_320
1835	sim26042	group_320
1836	sim26052	group_320
1837	sim26068	group_320
1838	sim26093	group_320
1839	sim26096	group_320
1840	sim26107	group_320
1841	sim26110	group_320
1842	sim26114	group_320
1843	sim26119	group_320
1844	sim26121	group_321
1845	sim26122	group_321
1846	sim26133	group_321
1847	sim26134	group_321
1848	sim26139	group_321
1849	sim26145	group_321
1850	sim26147	group_321
1851	sim26153	group_322
1852	sim26157	group_323
1853	sim26175	group_323
1854	sim26181	group_323
1855	sim26194	group_323
1856	sim26198	group_324
1857	sim26204	group_324
1858	sim26230	group_324
1859	sim26245	group_324
1860	sim26265	group_324
1861	sim26290	group_324
1862	sim26297	group_324
1863	sim26298	group_325
1864	sim26309	group_325
1865	sim26333	group_325
1866	sim26349	group_325
1867	sim26356	group_325
1868	sim26358	group_325
1869	sim26364	group_325
1870	sim26375	group_325
1871	sim26385	group_325
1872	sim26396	group_325
1873	sim26410	group_326
1874	sim26413	group_326
1875	sim26420	group_326
1876	sim26435	group_326
1877	sim26436	group_326
1878	sim26438	group_326
1879	sim26460	group_326
1880	sim26471	group_326
1881	sim26479	group_326
1882	sim26480	group_327
1883	sim26499	group_327
1884	sim26510	group_327
1885	sim26529	group_327
1886	sim26563	group_327
1887	sim26576	group_327
1888	sim26586	group_327
1889	sim26591	group_327
1890	sim26593	group_327
1891	sim26613	group_328
1892	sim26628	group_328
1893	sim26634	group_328
1894	sim26636	group_328
1895	sim26647	group_328
1896	sim26648	group_328
1897	sim26654	group_328
1898	sim26677	group_328
1899	sim26682	group_328
1900	sim26688	group_328
1901	sim26708	group_329
1902	sim26712	group_330
1903	sim26733	group_330
1904	sim26736	group_330
1905	sim26741	group_330
1906	sim26775	group_330
1907	sim26783	group_330
1908	sim26788	group_330
1909	sim26789	group_330
1910	sim26796	group_330
1911	sim26797	group_330
1912	sim26823	group_331
1913	sim26827	group_331
1914	sim26856	group_331
1915	sim26926	group_331
1916	sim26930	group_331
1917	sim26934	group_332
1918	sim26939	group_332
1919	sim26940	group_332
1920	sim26959	group_333
1921	sim26967	group_333
1922	sim26968	group_333
1923	sim26992	group_333
1924	sim27014	group_333
1925	sim27037	group_334
1926	sim27174	group_335
1927	sim27224	group_336
1928	sim27264	group_336
1929	sim27289	group_336
1930	sim27302	group_336
1931	sim27319	group_336
1932	sim27327	group_336
1933	sim27380	group_336
1934	sim27390	group_336
1935	sim27406	group_337
1936	sim27434	group_337
1937	sim27454	group_338
1938	sim27509	group_338
1939	sim27594	group_338
1940	sim27604	group_338
1941	sim27608	group_338
1942	sim27635	group_338
1943	sim27668	group_338
1944	sim27678	group_339
1945	sim27696	group_339
1946	sim27700	group_339
1947	sim27702	group_339
1948	sim27705	group_339
1949	sim27717	group_339
1950	sim27735	group_339
1951	sim27746	group_340
1952	sim27757	group_340
1953	sim27769	group_341
1954	sim27801	group_341
1955	sim27847	group_341
1956	sim27930	group_341
1957	sim27932	group_341
1958	sim27967	group_341
1959	sim28006	group_341
1960	sim28026	group_341
1961	sim28038	group_342
1962	sim28045	group_342
1963	sim28047	group_342
1964	sim28078	group_342
1965	sim28105	group_342
1966	sim28377	group_342
1967	sim28396	group_342
1968	sim28436	group_342
1969	sim28449	group_342
1970	sim28499	group_343
1971	sim28508	group_343
1972	sim28596	group_343
1973	sim28607	group_343
1974	sim28716	group_343
1975	sim28750	group_343
1976	sim28752	group_344
1977	sim28753	group_344
1978	sim28776	group_344
1979	sim28797	group_344
1980	sim28819	group_344
1981	sim28884	group_344
1982	sim28927	group_345
1983	sim28958	group_345
1984	sim29032	group_345
1985	sim29164	group_345
1986	sim29238	group_345
1987	sim29297	group_345
1988	sim29332	group_346
1989	sim29361	group_347
1990	sim29492	group_347
1991	sim29666	group_348
1992	sim29698	group_349
1993	sim29737	group_349
1994	sim29757	group_349
1995	sim29779	group_349
1996	sim29840	group_349
1997	sim29955	group_350
1998	sim30031	group_351
1999	sim30135	group_351
2000	sim30202	group_351
2001	sim30253	group_352
2002	sim30258	group_352
2003	sim30272	group_352
2004	sim30278	group_352
2005	sim30286	group_352
2006	sim30372	group_352
2007	sim30435	group_353
2008	sim30452	group_353
2009	sim30464	group_353
2010	sim30493	group_353
2011	sim30547	group_354
2012	sim30627	group_354
2013	sim30628	group_354
2014	sim30651	group_354
2015	sim30680	group_354
2016	sim30700	group_355
2017	sim30730	group_355
2018	sim30734	group_355
2019	sim30755	group_355
2020	sim30929	group_356
2021	sim30994	group_356
2022	sim31029	group_356
2023	sim31033	group_356
2024	sim31065	group_357
2025	sim31067	group_357
2026	sim31072	group_357
2027	sim32479	group_358
2028	sim33210	group_358
2029	sim33441	group_358
2030	sim34659	group_358
2031	sim37636	group_358
2032	sim37731	group_358
2033	sim37905	group_358
2034	sim38246	group_359
2035	sim38249	group_359
2036	sim38337	group_359
2037	sim38387	group_359
2038	sim38683	group_359
2039	sim39253	group_359
2040	sim39474	group_359
2041	sim39675	group_359
2042	sim39937	group_359
2043	sim40115	group_360
2044	sim40193	group_360
2045	sim40435	group_360
2046	sim40832	group_360
2047	sim42316	group_360
2048	sim42993	group_360
2049	sim43018	group_360
2050	sim43341	group_360
2051	sim43438	group_361
2052	sim44634	group_361
2053	sim45868	group_361
2054	sim21130	group_362
2055	sim20672	group_362
2056	sim28045	group_362
2057	sim20973	group_362
2058	sim25072	group_362
2059	sim20456	group_362
2060	sim22823	group_362
2061	sim20588	group_362
2062	sim24839	group_362
2063	sim25774	group_363
2064	sim25366	group_364
2065	sim25154	group_365
2066	sim25298	group_365
2067	sim37	group_366
2068	sim20723	group_366
2069	sim20902	group_366
2070	sim20470	group_366
2071	sim25401	group_366
2072	sim21060	group_366
2073	sim20541	group_366
2074	sim24985	group_366
2075	sim25686	group_366
2076	sim25069	group_367
2077	sim5500	group_367
2078	sim20523	group_367
2079	sim669	group_367
2080	sim23054	group_367
2081	sim26471	group_367
2082	sim24952	group_367
2083	sim25238	group_367
2084	sim20512	group_367
2085	sim21243	group_368
2086	sim24965	group_368
2087	sim22	group_368
2088	sim25291	group_368
2089	sim25323	group_368
2090	sim31033	group_368
2091	sim24933	group_368
2092	sim21496	group_368
2093	sim21071	group_369
2094	sim25356	group_369
2095	sim25055	group_370
2096	sim25179	group_371
2097	sim25178	group_371
2098	sim20450	group_371
2099	sim25088	group_372
2100	sim22576	group_372
2101	sim21521	group_373
2102	sim84	group_373
2103	sim25548	group_373
2104	sim21846	group_373
2105	sim25686	group_373
2106	sim24866	group_373
2107	sim20544	group_373
2108	sim25224	group_374
2109	sim1127	group_374
2110	sim25061	group_374
2111	sim20870	group_374
2112	sim25427	group_374
2113	sim20564	group_374
2114	sim21085	group_374
2115	sim2376	group_374
2116	sim21270	group_374
2117	sim20727	group_374
2118	sim28045	group_375
2119	sim21024	group_375
2120	sim21881	group_375
2121	sim20487	group_375
2122	sim20522	group_376
2123	sim21241	group_377
2124	sim21143	group_377
2125	sim29	group_377
2126	sim25667	group_377
2127	sim20846	group_377
2128	sim25390	group_377
2129	sim25191	group_377
2130	sim20561	group_378
2131	sim25748	group_378
2132	sim12916	group_378
2133	sim86	group_378
2134	sim25046	group_378
2135	sim25185	group_378
2136	sim9665	group_378
2137	sim21258	group_379
2138	sim10356	group_379
2139	sim24515	group_379
2140	sim665	group_379
2141	sim388	group_379
2142	sim141	group_379
2143	sim116	group_379
2144	sim20518	group_379
2145	sim20391	group_380
2146	sim25128	group_380
2147	sim20947	group_380
2148	sim28047	group_380
2149	sim25427	group_380
2150	sim25422	group_380
2151	sim10221	group_381
2152	sim21669	group_381
2153	sim26109	group_382
2154	sim21371	group_382
2155	sim23456	group_382
2156	sim22939	group_382
2157	sim19	group_382
2158	sim889	group_383
2159	sim25856	group_383
2160	sim20882	group_383
2161	sim20679	group_383
2162	sim25150	group_383
2163	sim21178	group_384
2164	sim21235	group_384
2165	sim25369	group_384
2166	sim20822	group_384
2167	sim20625	group_384
2168	sim20713	group_385
2169	sim20486	group_385
2170	sim20407	group_385
2171	sim20405	group_385
2172	sim21084	group_385
2173	sim150	group_385
2174	sim131	group_385
2175	sim21096	group_385
2176	sim21178	group_386
2177	sim21711	group_386
2178	sim25075	group_386
2179	sim20490	group_386
2180	sim25020	group_386
2181	sim9855	group_386
2182	sim20783	group_387
2183	sim28026	group_387
2184	sim25111	group_387
2185	sim1832	group_387
2186	sim25418	group_387
2187	sim21068	group_387
2188	sim134	group_387
2189	sim2005	group_388
2190	sim20426	group_388
2191	sim2005	group_388
2192	sim20455	group_388
2193	sim24898	group_388
2194	sim25392	group_388
2195	sim25355	group_388
2196	sim7084	group_388
2197	sim20924	group_388
2198	sim20581	group_389
2199	sim25703	group_389
2200	sim20459	group_389
2201	sim30135	group_389
2202	sim20405	group_389
2203	sim21017	group_389
2204	sim26823	group_389
2205	sim25116	group_389
2206	sim15	group_390
2207	sim62	group_390
2208	sim20372	group_391
2209	sim25207	group_391
2210	sim21216	group_391
2211	sim17043	group_391
2212	sim25537	group_391
2213	sim26930	group_392
2214	sim21509	group_392
2215	sim24889	group_392
2216	sim26397	group_393
2217	sim25938	group_393
2218	sim21199	group_394
2219	sim26708	group_394
2220	sim21919	group_394
2221	sim20796	group_394
2222	sim25135	group_394
2223	sim21037	group_394
2224	sim4278	group_394
2225	sim26397	group_394
2226	sim24830	group_394
2227	sim27289	group_394
2228	sim20601	group_395
2229	sim24489	group_395
2230	sim26413	group_395
2231	sim86	group_395
2232	sim41213	group_395
2233	sim27668	group_395
2234	sim24832	group_395
2235	sim20746	group_395
2236	sim39253	group_395
2237	sim24900	group_396
2238	sim25172	group_396
2239	sim25313	group_396
2240	sim25147	group_396
2241	sim25128	group_397
2242	sim20555	group_397
2243	sim21101	group_397
2244	sim20737	group_397
2245	sim25282	group_397
2246	sim37636	group_397
2247	sim121	group_398
2248	sim26110	group_398
2249	sim23936	group_398
2250	sim25233	group_398
2251	sim25002	group_398
2252	sim23006	group_398
2253	sim20447	group_398
2254	sim25711	group_398
2255	sim25037	group_398
2256	sim30278	group_398
2257	sim21390	group_399
2258	sim25037	group_399
2259	sim20390	group_399
2260	sim20725	group_399
2261	sim274	group_399
2262	sim20668	group_399
2263	sim21045	group_399
2264	sim22229	group_399
2265	sim26591	group_399
2266	sim25034	group_399
2267	sim25239	group_400
2268	sim1184	group_400
2269	sim20645	group_400
2270	sim665	group_400
2271	sim56	group_401
2272	sim20979	group_401
2273	sim3681	group_401
2274	sim20480	group_401
2275	sim25311	group_401
2276	sim3681	group_401
2277	sim27594	group_401
2278	sim21148	group_401
2279	sim188	group_401
2280	sim132	group_402
2281	sim778	group_402
2282	sim20711	group_402
2283	sim60	group_402
2284	sim25456	group_402
2285	sim262	group_402
2286	sim25073	group_403
2287	sim21738	group_403
2288	sim25181	group_403
2289	sim24991	group_403
2290	sim1184	group_403
2291	sim20669	group_403
2292	sim25853	group_403
2293	sim20602	group_403
2294	sim25241	group_403
2295	sim163	group_404
2296	sim126	group_404
2297	sim219	group_404
2298	sim20589	group_404
2299	sim25030	group_404
2300	sim111	group_404
2301	sim25119	group_405
2302	sim21429	group_405
2303	sim29779	group_405
2304	sim51	group_406
2305	sim27769	group_406
2306	sim26613	group_406
2307	sim25344	group_406
2308	sim20421	group_406
2309	sim27119	group_406
2310	sim25665	group_407
2311	sim20519	group_407
2312	sim25573	group_407
2313	sim20855	group_407
2314	sim21355	group_407
2315	sim388	group_407
2316	sim20557	group_407
2317	sim24833	group_407
2318	sim25383	group_407
2319	sim25137	group_407
2320	sim25037	group_408
2321	sim22246	group_408
2322	sim25457	group_408
2323	sim21238	group_408
2324	sim20624	group_408
2325	sim986	group_408
2326	sim20625	group_408
2327	sim20718	group_408
2328	sim26152	group_408
2329	sim24892	group_408
2330	sim20478	group_409
2331	sim26309	group_409
2332	sim20555	group_410
2333	sim21378	group_410
2334	sim25689	group_410
2335	sim20500	group_411
2336	sim25610	group_412
2337	sim26788	group_412
2338	sim20557	group_412
2339	sim23844	group_412
2340	sim25959	group_413
2341	sim24858	group_413
2342	sim28596	group_413
2343	sim26481	group_413
2344	sim21096	group_413
2345	sim25198	group_413
2346	sim28241	group_413
2347	sim25760	group_413
2348	sim20745	group_413
2349	sim24960	group_413
2350	sim30435	group_414
2351	sim25426	group_414
2352	sim25167	group_414
2353	sim24930	group_414
2354	sim25424	group_414
2355	sim25323	group_414
2356	sim21821	group_414
2357	sim25083	group_414
2358	sim2619	group_414
2359	sim20864	group_414
2360	sim120	group_415
2361	sim25013	group_415
2362	sim23456	group_415
2363	sim20908	group_415
2364	sim29492	group_415
2365	sim27769	group_415
2366	sim25346	group_415
2367	sim25961	group_415
2368	sim25392	group_416
2369	sim25388	group_416
2370	sim112	group_416
2371	sim25187	group_416
2372	sim20748	group_417
2373	sim20812	group_417
2374	sim20375	group_417
2375	sim20639	group_417
2376	sim45	group_417
2377	sim117	group_417
2378	sim21197	group_417
2379	sim20993	group_417
2380	sim399	group_418
2381	sim178	group_418
2382	sim134	group_418
2383	sim25655	group_418
2384	sim21015	group_418
2385	sim25959	group_418
2386	sim25914	group_418
2387	sim21555	group_418
2388	sim5321	group_419
2389	sim20395	group_419
2390	sim99	group_419
2391	sim20780	group_419
2392	sim22228	group_419
2393	sim24998	group_419
2394	sim21137	group_420
2395	sim25337	group_420
2396	sim121	group_420
2397	sim25298	group_420
2398	sim24864	group_421
2399	sim25440	group_421
2400	sim23201	group_421
2401	sim21131	group_421
2402	sim18812	group_421
2403	sim20722	group_421
2404	sim20768	group_421
2405	sim20469	group_421
2406	sim20489	group_422
2407	sim27700	group_422
2408	sim25243	group_422
2409	sim58	group_422
2410	sim25048	group_423
2411	sim20698	group_423
2412	sim25976	group_424
2413	sim5486	group_424
2414	sim25160	group_424
2415	sim27909	group_424
2416	sim44	group_424
2417	sim25371	group_424
2418	sim21474	group_424
2419	sim2206	group_424
2420	sim25888	group_425
2421	sim23897	group_425
2422	sim20826	group_425
2423	sim24922	group_425
2424	sim21166	group_425
2425	sim81	group_425
2426	sim25369	group_425
2427	sim28753	group_425
2428	sim24939	group_425
2429	sim21821	group_426
2430	sim20420	group_426
2431	sim25048	group_426
2432	sim25349	group_426
2433	sim458	group_426
2434	sim1342	group_426
2435	sim2324	group_426
2436	sim25086	group_426
2437	sim20711	group_426
2438	sim25340	group_427
2439	sim28047	group_427
2440	sim264	group_427
2441	sim61	group_427
2442	sim24910	group_427
2443	sim20496	group_427
2444	sim20640	group_428
2445	sim25463	group_428
2446	sim388	group_428
2447	sim24924	group_428
2448	sim26741	group_428
2449	sim25176	group_428
2450	sim23054	group_428
2451	sim21972	group_429
2452	sim17	group_429
2453	sim21210	group_429
2454	sim39253	group_429
2455	sim25064	group_429
